{"cameraMode":{"drawMode":0,"name":"Shaded","section":"Shading Mode"},"sceneLighting":true,"audioPlay":false,"sceneViewState":{"m_AlwaysRefresh":false,"showFog":true,"showSkybox":true,"showFlares":true,"showImageEffects":true,"showParticleSystems":true,"showVisualEffectGraphs":true,"m_FxEnabled":true},"in2DMode":false,"pivot":{"x":4.417692184448242,"y":-0.12671352922916413,"z":5.5447611808776859},"rotation":{"x":-0.2534309923648834,"y":-0.06466153264045716,"z":0.016979433596134187,"w":-0.9650507569313049},"size":3.1020710468292238,"orthographic":false}